name,country
Marywood University,United States
Lindenwood University,United States
Sullivan University,United States
Florida State College at Jacksonville,United States
Xavier University,United States
Tusculum College,United States
Claremont School of Theology,United States
Columbia College (SC),United States
Chabot-Las Positas Community College District,United States
Keller Graduate School of Management,United States
Monroe College,United States
San Mateo County Community College District,United States
Los Rios Community College District,United States
DigiPen Institute of Technology,United States
University of Pittsburgh Medical Center,United States
Claremont Graduate University,United States
The University of Texas at Rio Grande Valley,United States
College of Mount Saint Vincent,United States
University of Arkansas System eVersity,United States
ECPI University,United States
University of Mary Washington,United States
Baldwin Wallace University,United States
California State University Channel Islands,United States
Brandman University,United States
United States Coast Guard Academy,United States
Athens State University,United States
The Scripps Research Institute,United States
Eastern Florida State College,United States
Western New England University,United States
King University,United States
Georgia Gwinnett College,United States
Trident University,United States
Alliant International University,United States
Mississippi Valley State University,United States
Roosevelt University,United States
ITT Technical Institute,United States
Illinois Eastern Community Colleges,United States
Park University,United States
Icahn School of Medicine at Mount Sinai,United States
Utah Valley University,United States
Wisconsin Lutheran College,United States
Riverside Community College District,United States
Wake Forest Baptist Health,United States
University of Massachusetts Boston,United States
Florida Polytechnic University,United States
Wagner College,United States
Wilmington University,United States
International Technological University,United States
Young Harris College,United States
University of Findlay,United States
Philadelphia College of Osteopathic Medicine,United States
Yosemite Community College District,United States
Coastal Alabama Community College,United States
Purdue University Northwest,United States
Columbia Basin College,United States
Seattle Colleges,United States
Lipscomb University,United States
Tiffin University,United States
Troy University,United States
42 US,United States
California Baptist University,United States
Stevenson University,United States
Marine Biological Laboratory,United States
Maryville University,United States
The Art Institutes,United States
University of Mississippi Medical Center,United States
University of Central Oklahoma,United States
Hallmark University,United States
Keiser University,United States
St. Johns River State College,United States
Indian River State College,United States
Barnard College,United States
California Southern University,United States
University of La Verne,United States
Washington & Jefferson College,United States
University of the People,United States
Touro College,United States
New Jersey City University,United States
Lander University,United States
SUNY Maritime College,United States
Lesley University,United States
Laurus College,United States
National Park College,United States
Oklahoma Christian University,United States
San Diego Christian College,United States
SANS Technology Institute,United States
Pasco-Hernando State College,United States
New College of Florida,United States
Grand Canyon University,United States
Cold Spring Harbor Laboratory,United States
Albany State University,United States
Lasell College,United States
Contra Costa Community College District,United States
Mount St. Mary's University,United States
Robert Morris University Illinois,United States
Northwest Florida State College,United States
West Virginia Wesleyan College,United States
Utica College,United States
Career College of Northern Nevada,United States
College of Southern Nevada,United States
University of North Georgia,United States
The Principia,United States
Lynn University,United States
Colorado Community College System,United States
Valencia College,United States
St. Petersburg College,United States
Globe University & Minnesota School of Business,United States
Everest College,United States
Southwest Research Institute,United States
American Public University System,United States
Full Sail University,United States
YTI Career Institute,United States
Defense Language Institute Foreign Language Center,United States
Columbus State University,United States
Morehead State University,United States
Colorado State University - Global Campus,United States
North Dakota University System,United States
University of Houston-Downtown,United States
Stratford University,United States
"California Polytechnic State University, Pomona",United States
Baker College,United States
The College of New Jersey,United States
Abilene Christian University,United States
Adelphi University,United States
Agnes Scott College,United States
Aiken Technical College,United States
Air Force Institute of Technology,United States
Alabama A&M University,United States
Alabama State University,United States
Alamo Colleges,United States
Albertson College of Idaho,United States
Albion College,United States
Alfred University,United States
Allegheny College,United States
Allentown College of Saint Francis de Sales,United States
Alma College,United States
Alverno College,United States
Ambassador University,United States
American Coastline University,United States
American International College,United States
American University,United States
Amherst College,United States
Andrews University,United States
Angelo State University,United States
Anne Arundel Community College,United States
Antioch New England,United States
Antioch University,United States
Antioch University - Los Angeles,United States
Antioch University - Seattle,United States
Appalachian State University,United States
West Herts College,United Kingdom
Royal Holloway University of London,United Kingdom
University of Portsmouth,United Kingdom
Futureworks,United Kingdom
University of the Arts London,United Kingdom
University of Aberdeen,United Kingdom
Aberystwyth University,United Kingdom
University of Abertay Dundee,United Kingdom
American InterContinental University - London,United Kingdom
Anglia Ruskin University,United Kingdom
Aston University,United Kingdom
The American University in London,United Kingdom
"University of Wales, Bangor",United Kingdom
University of Bath,United Kingdom
Bath Spa University,United Kingdom
"Birkbeck College, University of London",United Kingdom
British College of Osteopathic Medicine,United Kingdom
Birmingham City University,United Kingdom
University of Bedfordshire,United Kingdom
University of Birmingham,United Kingdom
University of Bolton,United Kingdom
Bournemouth University,United Kingdom
University of Bradford,United Kingdom
London School of Jewish Studies,United Kingdom
University of Bristol,United Kingdom
Oxford Brookes University,United Kingdom
Brunel University Uxbridge,United Kingdom
University of Brighton,United Kingdom
University of Buckingham,United Kingdom
Buckinghamshire New University,United Kingdom
University of Cambridge,United Kingdom
Camberwell College of Arts,United Kingdom
Canterbury Christ Church University,United Kingdom
Cardiff University,United Kingdom
Chelsea College of Art and Design,United Kingdom
University of Chester,United Kingdom
City University,United Kingdom
"Courtauld Institute of Art, University of London",United Kingdom
Coventry University,United Kingdom
Cranfield University,United Kingdom
Central Saint Martins College of Art & Design,United Kingdom
University of Derby,United Kingdom
De Montfort University Leicester,United Kingdom
University of Dundee,United Kingdom
University of Durham,United Kingdom
Edge Hill University,United Kingdom
University of Edinburgh,United Kingdom
European School of Economics,United Kingdom
University of Essex,United Kingdom
University of Exeter,United Kingdom
IU Internationale Hochschule GmbH,Germany
"AKAD Hochschulen für Berufstätige, Fachhochschule Leipzig",Germany
Alice-Salomon-Fachhochschule für Sozialarbeit und Sozialpädagogik Berlin,Germany
Augustana Hochschule Neuendettelsau,Germany
Kirchliche Hochschule Bethel,Germany
BiTS - Business and Information Technology School gGmbH,Germany
Cologne Business School,Germany
CODE University of Applied Sciences Berlin,Germany
Deutsche Hochschule für Verwaltungswissenschaften Speyer,Germany
DIPLOMA-Fachhochschule Ölsnitz/Vogtland,Germany
Deutsche Sporthochschule Köln,Germany
E.A.P. Europäische Wirtschaftshochschule Berlin,Germany
Europäische Betriebswirtschafts-Akademie,Germany
European Business School Schloß Reichartshausen,Germany
European College of Liberal Arts,Germany
Evangelische Fachhochschule Rheinland-Westfalen-Lippe,Germany
Evangelische Fachhochschule Darmstadt,Germany
"Evangelische Fachhochschule Freiburg, Hochschule für Soziale Arbeit, Diakonie und Religionspädagogik",Germany
Evangelische Fachhochschule Hannover,Germany
Evangelische Fachhochschule Ludwigshafen Hochschule für Sozial- und Gesundheitswesen,Germany
"Evangelische Fachhochschule Reutlingen-Ludwigsburg, Hochschule für Soziale Arbeit, Religionspädagogik und Diakonie",Germany
Evangelische Hochschule für Soziale Arbeit Dresden (FH),Germany
European Management School,Germany
Europäische Fachhochschule,Germany
Europa-Universität Viadrina Frankfurt (Oder),Germany
"Evangelische Fachhochschule Berlin, Fachhochschule für Sozialarbeit und Sozialpädagogik",Germany
Evangelische Fachhochschule Nürnberg,Germany
Fern-Fachhochschule Hamburg,Germany
Fernuniversität Gesamthochschule Hagen,Germany
Fachhochschule Aachen,Germany
Fachhochschule Aschaffenburg,Germany
Technical University of Applied Sciences Augsburg,Germany
Internationale Fachhochschule Bad Honnef,Germany
"Fachhochschule Biberach, Hochschule für Bauwesen und Wirtschaft",Germany
Fachhochschule Bielefeld,Germany
Fachhochschule Bingen,Germany
Fachhochschule Bochum,Germany
Hochschule Bonn-Rhein-Sieg,Germany
Fachhochschule Brandenburg,Germany
Technische Hochschule Brandenburg,Germany
Technische Hochschule Deggendorf,Germany
Fachhochschule Dortmund,Germany
Hochschule Düsseldorf,Germany
Fachhochschule für die Wirtschaft,Germany
Fachhochschule der Wirtschaft,Germany
Fachhochschule Eberswalde,Germany
Fachhochschule Erfurt,Germany
Fachhochschule Flensburg,Germany
Fachhochschule Frankfurt am Main,Germany
Europa Fachhochschule Fresenius,Germany
National Institute of Applied Sciences of Toulouse,France
IÉSEG School of Management,France
Central Supélec,France
Académie de Paris,France
Académie d'Aix-Marseille,France
Académie de Créteil,France
42 FR,France
Ecole de l'Air,France
AgroParisTech,France
Ecole Nationale Supérieure d'Agronomie de Rennes,France
AgroSup Dijon,France
American Graduate School in Paris,France
American University of Paris,France
Ecole Supérieure de Commerce de Sophia Antipolis,France
Centre d'Etudes Supérieures Industrielles Paris,France
Centre de Formation et de Perfectionnement des Journalistes,France
Conservatoire National des Arts et Métiers,France
Centre National d'Etudes Agronomiques des Régions Chaudes,France
Ecole Supérieure de Chimie Physique Electronique de Lyon,France
Université Bordeaux I,France
Institut des Sciences de l'Ingénieur de Clermont-Ferrand,France
Université Paris-Dauphine (Paris IX),France
Ecole Superieur d'Ingenieurs Leonard de Vinci,France
Ecole d'Ingénieurs en Informatique pour l'Industrie,France
Ecole Européen des Affaires,France
European Business School,France
Ecole Catholique d'Arts & Metiers,France
Ecole Centrale d'Electronique - ECE,France
IMT Atlantique,France
Ecole Centrale de Lille,France
Ecole Centrale de Lyon,France
Ecole Centrale de Nantes,France
Ecole Centrale de Marseille,France
IDRAC (Institut de recherche en action commerciale),France
Ecole des Hautes Etudes Commerciales du Nord,France
Ecole pour les Etudes et la Recherche en Informatique et Electronique,France
Ecole Française de Papeterie et des Industries Graphiques,France
Ecole Française d'Electronique et d'Informatique,France
Ecole des Ingénieurs de la Ville de Paris,France
European Management Center Paris,France
Ecole Supérieure de Commerce de Lyon,France
Ecole Nationale Supérieure des Mines de St-Etienne,France
Ecole Nationale de l'Aviation Civile,France
Ecole Nationale d'Administration,France
ENIC Telecom Lille 1,France
Ecole Nationale d'Ingénieurs de Metz,France
Ecole Nationale d'Ingénieurs de Saint-Etienne,France
Ecole Nationale d'Ingénieurs des Travaux Agricoles de Bordeaux,France
Ecole Nationale d'Ingénieurs des Travaux Agricoles de Clermont-Ferrand,France
Ecole Nationale d'Ingénieurs de Tarbes,France
